epoch,train_loss,val_loss,train_mean_auroc,val_mean_auroc,train_auroc_Atelectasis,val_auroc_Atelectasis,train_auroc_Cardiomegaly,val_auroc_Cardiomegaly,train_auroc_Consolidation,val_auroc_Consolidation,train_auroc_Pleural Effusion,val_auroc_Pleural Effusion,train_auroc_Pneumonia,val_auroc_Pneumonia
1,1.0678013662579249,1.0471359264702236,0.6840679892659477,0.711408277806884,0.5974266389216764,0.6286351758888641,0.7999126439830758,0.8247020066010099,0.646177257182903,0.6686753665091086,0.7965625062945001,0.8255897244769334,0.5802608999475833,0.6094391155585042
2,1.038704583653925,1.021203404574498,0.7082179513352829,0.7193053254913322,0.6134656242537517,0.6240192252069816,0.8206738037360102,0.8339368198180385,0.669261681504855,0.6677736488044331,0.8176031856169494,0.826792646971025,0.6200854615648482,0.644004286656183
3,1.0187282261301318,1.011041269609237,0.7255286111813641,0.729168544575022,0.6266332868745454,0.6368583418325321,0.8330157151749598,0.8431359078223395,0.6843017453995685,0.6786850976177087,0.8266362506219418,0.8325822741561032,0.6570560578358056,0.6545811014464266
4,1.0053860081517974,1.0227766936478544,0.7356574475231229,0.7319173984253879,0.6355727398843998,0.6361974974201884,0.8393135576752696,0.8458908815141142,0.6952580569765854,0.6860140247760584,0.8331154788946316,0.8323780547212287,0.6750274041847277,0.6591065336953494
5,0.9970226484414592,1.0009295448381619,0.741753686568796,0.7375926616690244,0.6397781890578499,0.6396900978361848,0.8437786558812925,0.8481543525336884,0.7001330721527768,0.6889672141980059,0.8359706618737288,0.8369531522461278,0.6891078538783322,0.6741984915311152
